{
  "rows": 2442,
  "cols": 89,
  "missing_cells": 0,
  "co_mean": 3530.6687993447995,
  "co_std": 508.6365792258484,
  "co_min": 1.447,
  "co_max": 9998.554,
  "co_q95": 4190.9,
  "co_q99": 4621.311,
  "co_lt1000_count": 14,
  "co_gt6000_count": 4
}