特征方案,平均MAE,平均RMSE,平均R2
state_neighbor_lag,5.02373817398698,8.36170764160002,0.8069840035920947
neighbor_lag,13.809704329911376,20.095694805409675,-0.3347694965992555
local_lag,13.987622543398086,20.101456273572236,-0.29013445840670954
global_lag,14.962039503104045,25.606352410323648,-0.8229765213169444
