工况,序列,真实CO,优化前预测CO,优化后预测CO,预测降低量,预测降低比例,优化是否成功,优化目标值
中位CO工况,30,3505.859,3481.321730428077,3426.7235404117578,54.59819001631968,0.0156831784718748,True,3437.578933138577
高CO工况,2310,5360.243,5091.006142013604,4454.130971836984,636.8751701766196,0.1250980950348493,True,4568.801255258105
末端工况,2442,3566.985,3611.7656009453626,3478.160705023699,133.60489592166368,0.036991574394167,True,3489.01111373384
