方案,MAE,RMSE,R2
仅工艺变量,375.5156835240391,492.6674073210108,0.015005781845637611
工艺滞后,384.5375931586144,492.4137472180852,0.022862396373368843
CO_lag1,114.80700442389687,201.30376644048886,0.8366951097729765
CO_lag1_5,114.43664477530854,200.97917932606106,0.837221318789405
CO_lag1_5_10,114.19701347995603,200.4825312926294,0.8380248231528344
