方案,MAE,RMSE,R2
无滞后,368.1196232290146,475.62218885085866,0.08198404081690336
10s/20s/40s,378.306843208963,478.0312123694174,0.07910970312576593
20s/40s/80s,370.7416495247277,476.91827454822857,0.08948617760926869
40s/80s/120s,373.8567948751873,486.7118680807783,0.058703316736657296
