方案,MAE,RMSE,R2
原始数据-Ridge,436.2776413515413,645.2794631141554,-0.6992847910589848
原始数据-GradientBoosting,392.90575033261405,517.4142496439306,-0.09256492448051334
原始数据-RandomForest,383.5616407766202,504.2621393999979,-0.037727218175977795
剔除异常CO-Ridge,413.60495909683783,552.9371830621809,-0.24073092796787865
剔除异常CO-GradientBoosting,368.1196232290146,475.62218885085866,0.08198404081690336
剔除异常CO-RandomForest,375.5156835240391,492.6674073210108,0.015005781845637611
